{
	"info": {
		"_postman_id": "1395554b-4681-4cb8-9234-f84a01259fc2",
		"name": "Consume data resource",
		"schema": "https://schema.getpostman.com/json/collection/v2.1.0/collection.json",
		"_exporter_id": "17677312"
	},
	"item": [
		{
			"name": "Broker query",
			"event": [
				{
					"listen": "test",
					"script": {
						"exec": [
							""
						],
						"type": "text/javascript"
					}
				}
			],
			"protocolProfileBehavior": {
				"strictSSL": false
			},
			"request": {
				"auth": {
					"type": "basic",
					"basic": [
						{
							"key": "password",
							"value": "password",
							"type": "string"
						},
						{
							"key": "username",
							"value": "admin",
							"type": "string"
						}
					]
				},
				"method": "POST",
				"header": [],
				"body": {
					"mode": "raw",
					"raw": "PREFIX ids:<https://w3id.org/idsa/core/>\r\nPREFIX owl:<http://www.w3.org/2002/07/owl#>\r\nCONSTRUCT  {\r\n           ?connector  ids:title ?title.  \r\n           ?connector  ids:description ?description.              \r\n           ?connector  ids:dataProviderAccessURL ?accessURL. \r\n           ?connector  owl:resourceCatalogURL ?resourceCatalog \r\n      \r\n           }\r\n\r\n     WHERE {\r\n          ?connector ids:hasDefaultEndpoint ?endpoint.\r\n          ?connector ids:title ?title.\r\n          ?connector ids:description ?description.          \r\n          ?endpoint  ids:accessURL ?accessURL.\r\n          ?connector ids:resourceCatalog ?resourceCatalogId. \r\n          ?resourceCatalogId owl:sameAs ?resourceCatalog   \r\n\r\n          }"
				},
				"url": {
					"raw": "{{connectorURL}}/api/ids/query?recipient={{brokerAccessURL}}/infrastructure",
					"host": [
						"{{connectorURL}}"
					],
					"path": [
						"api",
						"ids",
						"query"
					],
					"query": [
						{
							"key": "recipient",
							"value": "{{brokerAccessURL}}/infrastructure"
						}
					]
				}
			},
			"response": []
		},
		{
			"name": "Description request with catalogue",
			"event": [
				{
					"listen": "test",
					"script": {
						"exec": [
							"const offerURL = pm.response.json()[\"ids:offeredResource\"];\r",
							"//console.log(offerId[0][\"@id\"]);\r",
							"pm.collectionVariables.set(\"offerURL\", offerURL[0][\"@id\"]);\r",
							"\r",
							"//const artifactURL = pm.response.json()[\"ids:offeredResource\"][0][\"ids:representation\"][0][\"ids:instance\"][0][\"@id\"];\r",
							"//console.log(artifactId);\r",
							"//pm.collectionVariables.set(\"artifactURL\", artifactURL);\r",
							"\r",
							"const ruleURL = pm.response.json()[\"ids:offeredResource\"][0][\"ids:contractOffer\"][0][\"ids:permission\"][0][\"@id\"];\r",
							"//console.log(ruleId);\r",
							"pm.collectionVariables.set(\"ruleURL\", ruleURL);"
						],
						"type": "text/javascript"
					}
				}
			],
			"protocolProfileBehavior": {
				"strictSSL": false
			},
			"request": {
				"auth": {
					"type": "basic",
					"basic": [
						{
							"key": "password",
							"value": "password",
							"type": "string"
						},
						{
							"key": "username",
							"value": "admin",
							"type": "string"
						}
					]
				},
				"method": "POST",
				"header": [],
				"url": {
					"raw": "{{connectorURL}}/api/ids/description?recipient={{dataProviderAccessURL}}&elementId={{catalogURL}}",
					"host": [
						"{{connectorURL}}"
					],
					"path": [
						"api",
						"ids",
						"description"
					],
					"query": [
						{
							"key": "recipient",
							"value": "{{dataProviderAccessURL}}"
						},
						{
							"key": "elementId",
							"value": "{{catalogURL}}"
						}
					]
				}
			},
			"response": []
		},
		{
			"name": "Contract request",
			"event": [
				{
					"listen": "test",
					"script": {
						"exec": [
							"const resourceURL = pm.response.json()[\"_links\"][\"artifacts\"][\"href\"];\r",
							"\r",
							"console.log(resourceURL.replace('{?page,size}',''));\r",
							"//pm.collectionVariables.set(\"offerId\", offerId[0][\"@id\"]);"
						],
						"type": "text/javascript"
					}
				}
			],
			"protocolProfileBehavior": {
				"strictSSL": false
			},
			"request": {
				"auth": {
					"type": "basic",
					"basic": [
						{
							"key": "password",
							"value": "password",
							"type": "string"
						},
						{
							"key": "username",
							"value": "admin",
							"type": "string"
						}
					]
				},
				"method": "POST",
				"header": [],
				"body": {
					"mode": "raw",
					"raw": "[\r\n  {\r\n  \"@type\" : \"ids:Permission\",\r\n  \"@id\" : \"{{ruleURL}}\",\r\n  \"ids:description\" : [ {\r\n  \"@value\" : \"provide-access\",\r\n  \"@type\" : \"http://www.w3.org/2001/XMLSchema#string\"\r\n  } ],\r\n  \"ids:title\" : [ {\r\n  \"@value\" : \"Example Usage Policy\",\r\n  \"@type\" : \"http://www.w3.org/2001/XMLSchema#string\"\r\n  } ],\r\n  \"ids:action\" : [ {\r\n  \"@id\" : \"https://w3id.org/idsa/code/USE\"\r\n  } ],\r\n  \"ids:target\": \"{{artifactURL}}\"\r\n  }\r\n]",
					"options": {
						"raw": {
							"language": "json"
						}
					}
				},
				"url": {
					"raw": "{{connectorURL}}/api/ids/contract?recipient={{dataProviderAccessURL}}&resourceIds={{offerURL}}&artifactIds={{artifactURL}}&download=false",
					"host": [
						"{{connectorURL}}"
					],
					"path": [
						"api",
						"ids",
						"contract"
					],
					"query": [
						{
							"key": "recipient",
							"value": "{{dataProviderAccessURL}}"
						},
						{
							"key": "resourceIds",
							"value": "{{offerURL}}"
						},
						{
							"key": "artifactIds",
							"value": "{{artifactURL}}"
						},
						{
							"key": "download",
							"value": "false"
						}
					]
				}
			},
			"response": []
		},
		{
			"name": "Get artifact",
			"event": [
				{
					"listen": "test",
					"script": {
						"exec": [
							""
						],
						"type": "text/javascript"
					}
				}
			],
			"protocolProfileBehavior": {
				"strictSSL": false
			},
			"request": {
				"auth": {
					"type": "basic",
					"basic": [
						{
							"key": "password",
							"value": "password",
							"type": "string"
						},
						{
							"key": "username",
							"value": "admin",
							"type": "string"
						}
					]
				},
				"method": "GET",
				"header": [],
				"url": {
					"raw": "https://130.188.160.90:8081/api/artifacts/06a27391-485c-45fe-a6f9-917aacdd8c1c/data",
					"protocol": "https",
					"host": [
						"130",
						"188",
						"160",
						"90"
					],
					"port": "8081",
					"path": [
						"api",
						"artifacts",
						"06a27391-485c-45fe-a6f9-917aacdd8c1c",
						"data"
					]
				}
			},
			"response": []
		},
		{
			"name": "Subscribe for updates",
			"event": [
				{
					"listen": "test",
					"script": {
						"exec": [
							""
						],
						"type": "text/javascript"
					}
				}
			],
			"protocolProfileBehavior": {
				"strictSSL": false
			},
			"request": {
				"auth": {
					"type": "basic",
					"basic": [
						{
							"key": "password",
							"value": "password",
							"type": "string"
						},
						{
							"key": "username",
							"value": "admin",
							"type": "string"
						}
					]
				},
				"method": "POST",
				"header": [],
				"body": {
					"mode": "raw",
					"raw": "{\r\n  \"title\": \"Pub sub test\",\r\n\"description\": \"Testing the pub sub feature\",\r\n  \"target\": \"{{artifactURL}}\",\r\n  \"location\": \"http://130.188.160.82:8080/notify\",\r\n  \"subscriber\": \"https://130.188.160.82:8081\",\r\n  \"pushData\": true\r\n}",
					"options": {
						"raw": {
							"language": "json"
						}
					}
				},
				"url": {
					"raw": "{{connectorURL}}/api/ids/subscribe?recipient={{dataProviderAccessURL}}",
					"host": [
						"{{connectorURL}}"
					],
					"path": [
						"api",
						"ids",
						"subscribe"
					],
					"query": [
						{
							"key": "recipient",
							"value": "{{dataProviderAccessURL}}"
						}
					]
				}
			},
			"response": []
		},
		{
			"name": "Unsubscribe",
			"event": [
				{
					"listen": "test",
					"script": {
						"exec": [
							""
						],
						"type": "text/javascript"
					}
				}
			],
			"protocolProfileBehavior": {
				"strictSSL": false
			},
			"request": {
				"auth": {
					"type": "basic",
					"basic": [
						{
							"key": "password",
							"value": "password",
							"type": "string"
						},
						{
							"key": "username",
							"value": "admin",
							"type": "string"
						}
					]
				},
				"method": "POST",
				"header": [],
				"body": {
					"mode": "raw",
					"raw": "{\r\n  \"title\": \"test\",\r\n\"description\": \"test22\",\r\n  \"target\": \"{{artifactID}}\",\r\n  \"location\": \"http://130.188.160.90:8080/notify\",\r\n  \"subscriber\": \"https://130.188.160.90:8081\",\r\n  \"pushData\": true\r\n}\r\n",
					"options": {
						"raw": {
							"language": "json"
						}
					}
				},
				"url": {
					"raw": "{{connectorURL}}/api/ids/unsubscribe?recipient={{dataProviderAccessURL}}&elementId={{artifactURL}}",
					"host": [
						"{{connectorURL}}"
					],
					"path": [
						"api",
						"ids",
						"unsubscribe"
					],
					"query": [
						{
							"key": "recipient",
							"value": "{{dataProviderAccessURL}}"
						},
						{
							"key": "elementId",
							"value": "{{artifactURL}}"
						}
					]
				}
			},
			"response": []
		},
		{
			"name": "Define parameter",
			"event": [
				{
					"listen": "test",
					"script": {
						"exec": [
							""
						],
						"type": "text/javascript"
					}
				}
			],
			"protocolProfileBehavior": {
				"strictSSL": false
			},
			"request": {
				"auth": {
					"type": "basic",
					"basic": [
						{
							"key": "password",
							"value": "password",
							"type": "string"
						},
						{
							"key": "username",
							"value": "admin",
							"type": "string"
						}
					]
				},
				"method": "GET",
				"header": [],
				"url": {
					"raw": "{{connectorURL}}/api/artifacts/4c5f8ec0-bdaa-4f47-a8b4-b15715f167e4/data?page=2",
					"host": [
						"{{connectorURL}}"
					],
					"path": [
						"api",
						"artifacts",
						"4c5f8ec0-bdaa-4f47-a8b4-b15715f167e4",
						"data"
					],
					"query": [
						{
							"key": "page",
							"value": "2"
						}
					]
				}
			},
			"response": []
		}
	],
	"event": [
		{
			"listen": "prerequest",
			"script": {
				"type": "text/javascript",
				"exec": [
					""
				]
			}
		},
		{
			"listen": "test",
			"script": {
				"type": "text/javascript",
				"exec": [
					""
				]
			}
		}
	],
	"variable": [
		{
			"key": "connectorURL",
			"value": "https://130.188.160.90:8081",
			"type": "string"
		},
		{
			"key": "brokerAccessURL",
			"value": "http://broker.collab-cloud.eu:8080",
			"type": "string"
		},
		{
			"key": "dataProviderAccessURL",
			"value": ""
		},
		{
			"key": "catalogURL",
			"value": ""
		},
		{
			"key": "offerURL",
			"value": ""
		},
		{
			"key": "artifactURL",
			"value": ""
		},
		{
			"key": "ruleURL",
			"value": ""
		}
	]
}